eval_scheme,fold_id,control,n_trials,mrr_mean,mrr_std,word_acc_mean,word_acc_std,bleu1_mean,bleu1_std,wer_mean,wer_std,recall_auc_mean,recall_auc_std
loso,sub-01,none,20,0.29299217148063117,0.024456043475342727,0.13610948477751755,0.03308262141347416,0.41424180327868854,0.04771378947472754,0.785114168618267,0.032052234945489554,0.78285774975724,0.018244450965156332
loso,sub-01,shuffle_time,20,0.29137939438426474,0.01365884136867798,0.1369291569086651,0.011435168094411979,0.37274590163934423,0.010057341175719789,0.8008928571428573,0.01134543858559187,0.7894958088193295,0.016500930981519047
loso,sub-01,zero,20,0.29668065255919474,0.004660819327253821,0.1370023419203747,0.009626043960640663,0.3546545667447307,0.007602050505409355,0.8287470725995316,0.007508623771115041,0.7808280259324841,0.015888308048839107
loso,sub-03,none,20,0.2955085918067833,0.014915445369287659,0.13603629976580794,0.015937283456410566,0.3798887587822014,0.027179658204171717,0.8012734192037472,0.019849887327453516,0.7880244330839092,0.016276910535086873
loso,sub-03,shuffle_time,20,0.30279303235756677,0.02216752235500473,0.140442037470726,0.017527611278043365,0.39396955503512887,0.0037460131930206605,0.770974824355972,0.020623722466767518,0.7907667290226766,0.019775953768676705
loso,sub-03,zero,20,0.28929851513289095,0.005398710991428751,0.142286299765808,0.012234209730570099,0.3588992974238876,0.0018020697050676027,0.7971018735362999,0.010192673982021288,0.7758637616382019,0.006087282221190372
loso,sub-04,none,20,0.26158408506554254,0.037773498723576424,0.11412470725995316,0.047029193109683266,0.3364461358313818,0.07965956110175143,0.8289227166276346,0.05762651503766003,0.762950712572114,0.018902143680629747
loso,sub-04,shuffle_time,20,0.2990483669612449,0.021308033029673507,0.13805620608899297,0.015491337207442668,0.3816744730679157,0.017008542786964724,0.7865339578454333,0.02065154934026216,0.7899550893928143,0.015008442356843229
loso,sub-04,zero,20,0.31400783257236586,0.012937896925094767,0.16230971896955504,0.021159397709586556,0.35582552693208436,0.028466696976142476,0.8048009367681498,0.049306323494245095,0.780885681441709,0.007804559598864776
loso,sub-05,none,20,0.2994354285565076,0.018035823396788022,0.13916861826697893,0.014966222352575472,0.38183548009367685,0.031093068696579598,0.7862412177985949,0.02769965402055128,0.7889176472268237,0.01820176059810216
loso,sub-05,shuffle_time,20,0.29269434974477493,0.01549529397196197,0.13782201405152228,0.00854300578421475,0.3658811475409836,0.02616283386417861,0.7940573770491804,0.02276795006481354,0.7888023362083738,0.01689999599521914
loso,sub-05,zero,20,0.26127144386060974,0.012734539680771836,0.09881440281030447,0.011910665547359757,0.4380269320843091,0.03515872170012326,0.7947453161592507,0.045023028007097565,0.7759672916547666,0.0161734474879553
loso,sub-06,none,20,0.2918502633181586,0.026155188206571665,0.12942037470725998,0.021380236276769393,0.4110948477751757,0.017295827596956713,0.7909982435597193,0.020231409558512586,0.7912902696064431,0.015746166342387107
loso,sub-06,shuffle_time,20,0.2975598549996489,0.023110008053770142,0.1399882903981265,0.01910571642410723,0.3881440281030445,0.024950134305145238,0.792491217798595,0.01982828937559591,0.7884546181527389,0.01947592058428261
loso,sub-06,zero,20,0.26123264242259403,0.013418560796141222,0.10096604215456675,0.016400016950475396,0.3442330210772834,0.01228366787780225,0.8227312646370024,0.031230022666954675,0.780705217912835,0.014315700973843246
loso,sub-09,none,20,0.2950549771306782,0.012074213356376397,0.14124707259953162,0.01322728847631085,0.3673741217798595,0.024264912074623043,0.8069379391100704,0.02376647264434046,0.7887141571942652,0.015564301478780405
loso,sub-09,shuffle_time,20,0.29918641689688913,0.01955918543528285,0.14423302107728336,0.011278382817221917,0.37429742388758785,0.02529261165175513,0.7901053864168619,0.015799400560098386,0.7913095476095278,0.015735397215980825
loso,sub-09,zero,20,0.2820005253187232,0.024590084943317193,0.11415398126463701,0.011485779578174055,0.3606850117096019,0.005182060253664901,0.8099970725995316,0.027640626053506874,0.7817849645855942,0.01692553522872266
loso,sub-10,none,20,0.26653894563856045,0.020794127775794275,0.11288056206088992,0.02710792467235324,0.33217213114754096,0.03538900971213069,0.835084894613583,0.037868517035160046,0.7737679928028788,0.016894492804093334
loso,sub-10,shuffle_time,20,0.2773204364142235,0.00591729738043259,0.1221750585480094,0.021966547819989496,0.3318647540983607,0.014603460582232457,0.8119437939110069,0.04295199528716634,0.7840968969555036,0.016995466718787572
loso,sub-10,zero,20,0.2573393532436924,0.01893186815625543,0.11987704918032786,0.0052560366397805015,0.31214871194379396,0.017332297929490457,0.8548009367681498,0.0024027596067568036,0.7729933026789285,0.02580365675976782
loso,sub-11,none,20,0.2722743368186423,0.028926783670325574,0.12299473067915692,0.035054164276525836,0.31339285714285714,0.03341187064814519,0.8458870023419204,0.04528953639139737,0.7757423816187811,0.018455680683523507
loso,sub-11,shuffle_time,20,0.297361949931248,0.01511659690443478,0.14877049180327867,0.010440432877310042,0.35828454332552695,0.027727695558958574,0.7955503512880563,0.025940381500524554,0.7873764779802365,0.015399586404612108
loso,sub-11,zero,20,0.26354771579312336,0.006448551826214667,0.11987704918032786,0.0052560366397805015,0.3180913348946136,0.0058612684603556045,0.8451405152224826,0.024327941018412607,0.7525646884103502,0.014408476653753013
loso,sub-12,none,20,0.2791708796830332,0.012933167829060345,0.1224824355971897,0.021454470470167412,0.3684865339578455,0.028312968287235157,0.8175936768149883,0.03854771535348639,0.7826112412177986,0.014571575496166826
loso,sub-12,shuffle_time,20,0.3083215442347323,0.019054367888934793,0.16367096018735364,0.015602884062438262,0.371692037470726,0.021177428761002412,0.7982289227166277,0.02413601532315383,0.7868841749014678,0.020130077816621596
loso,sub-12,zero,20,0.2799868078247222,0.030536214842350588,0.13919789227166274,0.05871743789011933,0.32456088992974236,0.01640887024764544,0.8167154566744731,0.050352801897216096,0.770695293311247,0.012438844239385105
loso,sub-13,none,20,0.2790379641979544,0.015792837897752363,0.1285860655737705,0.02363389875966383,0.3494877049180328,0.05442050565732295,0.8208723653395786,0.039671452544368865,0.7722134360541497,0.015328335613699107
loso,sub-13,shuffle_time,20,0.2875096521332456,0.0081438651984033,0.13997365339578455,0.017840913541299068,0.3386416861826699,0.010633483831838429,0.8036738875878221,0.03531145700743424,0.7839919389387101,0.013768251270820592
loso,sub-13,zero,20,0.3047762628350398,0.021675987626066855,0.15286885245901638,0.01085679490288246,0.3653688524590164,0.013754979005505085,0.8019467213114755,0.017868499024971993,0.7914134346261494,0.01624229512992071
loso,sub-14,none,20,0.2606622672683302,0.01814196226449848,0.11324648711943794,0.026071131148308,0.3346750585480093,0.04675579687513639,0.8303278688524591,0.045221657722818304,0.7704680627748901,0.013073116855945319
loso,sub-14,shuffle_time,20,0.30314811338141323,0.018848626727287928,0.15465456674473071,0.010254965968128959,0.3719847775175644,0.030631813281303353,0.7990485948477752,0.027603886485712496,0.791628705660593,0.01759812992853718
loso,sub-14,zero,20,0.2816657282683436,0.028597565693304464,0.11653981264637003,0.014717791340424724,0.3946135831381733,0.0348400142979736,0.8295667447306793,0.009079959885233583,0.790828668532587,0.018755567024325032
loso,sub-16,none,20,0.2746711086244429,0.014940287920874745,0.12596604215456675,0.03258183501123652,0.3296252927400468,0.032244237170638186,0.8362119437939111,0.04020344635176152,0.7782365625178499,0.01439573473088262
loso,sub-16,shuffle_time,20,0.2937006904545919,0.008960752420037936,0.13997365339578455,0.017840913541299065,0.37079918032786885,0.02060687588639088,0.8059133489461358,0.04375140475956543,0.7878104115496658,0.015180662040671134
loso,sub-16,zero,20,0.2622722282757812,0.004557677275964702,0.120769906323185,0.007293792258738282,0.356059718969555,0.01366688338960765,0.805532786885246,0.031962418410282925,0.7710660378705662,0.012798866812833277
loso,sub-17,none,20,0.30451653569171644,0.030825981274323958,0.14521370023419206,0.030766888032287904,0.40364461358313813,0.020161464398232624,0.7739461358313817,0.022029150484936515,0.7905757339921174,0.01705948068437046
loso,sub-17,shuffle_time,20,0.29319616546245114,0.015537370648520704,0.13856850117096017,0.012828026089657382,0.38062060889929744,0.028801749716616257,0.7906469555035129,0.040481249124003936,0.7870185854229738,0.018910121652037596
loso,sub-17,zero,20,0.27289689497336583,0.011137957174883186,0.13662177985948476,0.020148445769787013,0.34893149882903984,0.019485299685255843,0.8341188524590164,0.024867995149336797,0.7726802136288342,0.016247345438938562
session_cv,0,none,52,0.27824227382398103,0.015700050531965576,0.13089420825076561,0.028549256792728885,0.3325808412898577,0.027782421838081738,0.8274691497027562,0.028733766328195468,0.7712528312850684,0.021774036357198247
session_cv,0,shuffle_time,52,0.28001997123646566,0.005408313995390734,0.13003287695910645,0.021466875887406645,0.31617613943433615,0.012666987120672588,0.8301601062871554,0.02333530118013089,0.7718548569583153,0.01737601274801205
session_cv,0,zero,52,0.27069684382381093,0.02457327542839504,0.15451607818411098,0.02372357834174311,0.3097189695550352,0.04788657061837178,0.8244460457575211,0.03950408790131568,0.7185821413192965,0.003383618481468263
session_cv,1,none,52,0.27830342431123456,0.02178213610672886,0.1274376238515583,0.02362385335354654,0.35581426769951363,0.02876792319230394,0.8346750585480093,0.023704103144500683,0.7776126499949471,0.02480295324931444
session_cv,1,shuffle_time,52,0.2868165874540268,0.007500826243094248,0.14220973698432718,0.015455632599354514,0.31338384975680056,0.01557229985836675,0.8261574491082686,0.031334174092294415,0.7738671701649008,0.017785615553859387
session_cv,1,zero,52,0.2635801765416855,0.0144988793226811,0.11747320302648173,0.007213005669602216,0.3180282831922177,0.038028429971729255,0.850702576112412,0.00943648818838534,0.7683354542798264,0.02675974880678078
session_cv,2,none,52,0.28154040985211654,0.01214236182145068,0.13289835164835165,0.023823574929688125,0.33707327508557017,0.01769179110120545,0.8203702035669248,0.03157216201366487,0.7761783336116105,0.020089327432309702
session_cv,2,shuffle_time,52,0.2796739908093918,0.006389288864600979,0.1294586560980004,0.023703659410930705,0.330024995496307,0.011865698108426097,0.806313051702396,0.033915859518657575,0.7756321921780738,0.018104067978719954
session_cv,2,zero,52,0.2451750971964228,0.009751307653619689,0.10442938209331651,0.0211052565130038,0.2653913709241578,0.0033564986428225047,0.8559606377229328,0.01813570896772669,0.7409008923902967,0.008983786415474322
session_cv,3,none,52,0.2776613478526213,0.016836240520674294,0.12740384615384615,0.025151426698934585,0.33893667807602235,0.028818728538887083,0.827531075481895,0.034188708531533545,0.7743942944800103,0.01950055181972282
session_cv,3,shuffle_time,52,0.2790916454524789,0.008596666302245344,0.12477481534858585,0.009469127601004549,0.30353202125743106,0.015290770920225944,0.8362063141776255,0.027660175252837448,0.7718836915783137,0.016706346330003674
session_cv,3,zero,52,0.2489142437453265,0.011315046754115503,0.11340862006845615,0.008458082679468352,0.2680485498108449,0.014968340103607751,0.8663754278508377,0.00843265540642601,0.725409904719431,0.0024705644591215313
session_cv,4,none,52,0.26611642180570755,0.014462883244745433,0.11374076742929201,0.026383407729650053,0.31668843451630335,0.030281656470469643,0.8441384435236893,0.031525355567083954,0.7662614899095307,0.0171208059857008
session_cv,4,shuffle_time,52,0.28203886969074615,0.008342940454219773,0.126367996757341,0.02033158201897839,0.33003625472887776,0.012454125483431801,0.8187601333093136,0.020941529966922712,0.7791881187085606,0.021692324351061488
session_cv,4,zero,52,0.24314097082937994,0.004676514415179922,0.09858584038911908,0.024023759341481446,0.2864968023779499,0.036073614520111534,0.8617647721131326,0.006563641046292263,0.7500089250014279,0.018802743737835328
stimulus,lines2,none,260,0.257792224397195,0.015587072997823007,0.09524410016213294,0.021051156724560895,0.4036964060529634,0.027242512881399977,0.7731320933165196,0.03903742463735018,0.7491791470225097,0.009238076001948712
stimulus,lines2,shuffle_time,260,0.2708989926501852,0.01040505965657067,0.10843992073500269,0.020247171465942203,0.41608944334354175,0.03194145210710998,0.7535590434156008,0.03212151169498168,0.7513902955301397,0.010157057444114551
stimulus,lines2,zero,260,0.26850652161094524,0.012926563485278122,0.11355161232210412,0.018828440779243404,0.39846198883084133,0.06599087721107219,0.7776796973518286,0.024852136591194698,0.742173872209358,0.0072635549487559846
stimulus,lines4,none,260,0.23487116825537166,0.024676671148270095,0.07174833363357953,0.02946966625991416,0.39919946856422267,0.04011788710977979,0.7608009818050802,0.025167600712270803,0.7135218440096489,0.011969875008851962
stimulus,lines4,shuffle_time,260,0.2519255078129115,0.02311135238016846,0.1028373266078184,0.013388490957512997,0.4312939110070258,0.022712452532989605,0.7136191677175283,0.020351411520144427,0.7239358102912681,0.01626261318985651
stimulus,lines4,zero,260,0.23959812091155985,0.02117045075662101,0.09413506575391821,0.054607566085749855,0.3742490091875338,0.015613891518213789,0.7848991172761666,0.034981145402600056,0.7057716061926876,0.009033504445484423
